<keymap version="1" name="BK [Base:macOS]" parent="Mac OS X 10.5+">
  <action id="$LRU">
    <keyboard-shortcut first-keystroke="shift meta help" />
  </action>
  <action id="ActivateFavoritesToolWindow" />
  <action id="ActivateFindToolWindow" />
  <action id="ActivateJSONFormatterToolWindow">
    <keyboard-shortcut first-keystroke="meta 3" />
  </action>
  <action id="ActivateKeyPromoterXToolWindow">
    <keyboard-shortcut first-keystroke="ctrl q" />
  </action>
  <action id="ActivateMavenToolWindow">
    <keyboard-shortcut first-keystroke="ctrl 1" />
  </action>
  <action id="ActivateProblemsViewToolWindow" />
  <action id="ActivateSpringToolWindow">
    <keyboard-shortcut first-keystroke="ctrl 2" />
  </action>
  <action id="ActivateTerminalToolWindow">
    <keyboard-shortcut first-keystroke="meta 6" />
  </action>
  <action id="CloseAllEditorsButActive">
    <keyboard-shortcut first-keystroke="meta alt w" />
  </action>
  <action id="CloseAllUnpinnedEditors">
    <keyboard-shortcut first-keystroke="shift meta w" />
  </action>
  <action id="Console.TableResult.CompareCells" />
  <action id="ConsoleView.ClearAll">
    <keyboard-shortcut first-keystroke="shift meta k" />
  </action>
  <action id="Diff.ShowSettingsPopup" />
  <action id="DuplicatesForm.SendToRight" />
  <action id="Editor LRU">
    <keyboard-shortcut first-keystroke="shift meta help" />
  </action>
  <action id="EditorDecreaseFontSize">
    <keyboard-shortcut first-keystroke="ctrl minus" />
  </action>
  <action id="EditorIncreaseFontSize">
    <keyboard-shortcut first-keystroke="ctrl equals" />
  </action>
  <action id="EditorResetFontSize">
    <keyboard-shortcut first-keystroke="ctrl 0" />
  </action>
  <action id="EditorToggleUseSoftWraps">
    <keyboard-shortcut first-keystroke="ctrl w" />
  </action>
  <action id="EmmetNextEditPoint" />
  <action id="EmmetPreviousEditPoint" />
  <action id="ExpressionTypeInfo" />
  <action id="FileChooser.GotoModule" />
  <action id="FileChooser.GotoProject" />
  <action id="FileChooser.TogglePathShowing" />
  <action id="FocusEditor">
    <keyboard-shortcut first-keystroke="escape" />
    <keyboard-shortcut first-keystroke="meta 2" />
  </action>
  <action id="Git.CompareWithBranch">
    <keyboard-shortcut first-keystroke="shift meta d" />
  </action>
  <action id="GotoBookmark0" />
  <action id="GotoBookmark1" />
  <action id="GotoBookmark2" />
  <action id="GotoNextElementUnderCaretUsage" />
  <action id="GotoPrevElementUnderCaretUsage" />
  <action id="GuiDesigner.QuickJavadoc">
    <keyboard-shortcut first-keystroke="f1" />
    <mouse-shortcut keystroke="control button2" />
  </action>
  <action id="ImportProject">
    <keyboard-shortcut first-keystroke="meta alt help" />
  </action>
  <action id="Kotlin.RunScratch" />
  <action id="MavenHelper.OpenTerminalAction">
    <keyboard-shortcut first-keystroke="alt f12" />
  </action>
  <action id="MoveTabDown">
    <keyboard-shortcut first-keystroke="ctrl slash" />
  </action>
  <action id="MoveTabRight">
    <keyboard-shortcut first-keystroke="ctrl back_slash" />
  </action>
  <action id="NewProject">
    <keyboard-shortcut first-keystroke="meta help" />
  </action>
  <action id="ParameterInfo" />
  <action id="PinActiveTab">
    <keyboard-shortcut first-keystroke="meta p" />
  </action>
  <action id="QuickJavaDoc">
    <keyboard-shortcut first-keystroke="f1" />
    <mouse-shortcut keystroke="control button2" />
  </action>
  <action id="RunConfiguration">
    <keyboard-shortcut first-keystroke="shift ctrl p" />
    <keyboard-shortcut first-keystroke="shift ctrl c" />
  </action>
  <action id="TerminalDecreaseFontSize">
    <keyboard-shortcut first-keystroke="ctrl minus" />
  </action>
  <action id="ToggleZenMode">
    <keyboard-shortcut first-keystroke="ctrl z" />
  </action>
  <action id="Uml.ShowDiff" />
  <action id="Vcs.Log.ShowTooltip">
    <keyboard-shortcut first-keystroke="f1" />
    <mouse-shortcut keystroke="control button2" />
  </action>
  <action id="Vcs.Push" />
  <action id="ink.organics.pojo2json.ProjectViewPopupMenuRandomAction">
    <keyboard-shortcut first-keystroke="shift meta j" />
  </action>
</keymap>