<keymap version="1" name="macOS copy" parent="Mac OS X 10.5+">
  <action id="Debugger.MuteRenderers">
    <keyboard-shortcut first-keystroke="meta alt f4" />
  </action>
  <action id="FileChooser.TogglePathBar" />
  <action id="Images.EditExternally" />
  <action id="ParameterInfo" />
  <action id="PinActiveEditorTab">
    <keyboard-shortcut first-keystroke="meta p" />
  </action>
  <action id="WelcomeScreen.Configure.Export">
    <keyboard-shortcut first-keystroke="f10" />
  </action>
</keymap>