<keymap version="1" name="macOS_Idea-2023.2-08" parent="Mac OS X 10.5+">
  <action id="ActivateBigDataToolWindowToolWindow">
    <keyboard-shortcut first-keystroke="shift ctrl meta b" />
  </action>
  <action id="ActivateFindToolWindow" />
  <action id="ActivateMachinetAIToolWindow">
    <keyboard-shortcut first-keystroke="meta 3" />
  </action>
  <action id="Android.Designer.PreviousDevice" />
  <action id="Bito.OpenBitoPanel">
    <keyboard-shortcut first-keystroke="shift meta o" />
  </action>
  <action id="Console.TableResult.CompareCells" />
  <action id="Diff.ShowDiff">
    <keyboard-shortcut first-keystroke="meta d" />
    <keyboard-shortcut first-keystroke="shift meta d" />
  </action>
  <action id="Diff.ShowSettingsPopup" />
  <action id="FileChooser.GotoModule" />
  <action id="ForceOthersToFollowAction" />
  <action id="RecentProjectListGroup">
    <keyboard-shortcut first-keystroke="shift ctrl o" />
  </action>
  <action id="Uml.ShowDiff" />
  <action id="addQuickAction.Git.Diff">
    <keyboard-shortcut first-keystroke="shift meta d" />
  </action>
  <action id="android.device.volume.down.button" />
</keymap>