<application>
  <component name="GrepConsole">
    <option name="grepHistory">
      <list>
        <GrepCompositeModel>
          <option name="models">
            <list>
              <GrepModel>
                <option name="expression" value="port" />
              </GrepModel>
              <GrepModel>
                <option name="expression" value="" />
              </GrepModel>
            </list>
          </option>
        </GrepCompositeModel>
        <GrepCompositeModel>
          <option name="models">
            <list>
              <GrepModel>
                <option name="expression" value="port" />
              </GrepModel>
            </list>
          </option>
        </GrepCompositeModel>
        <GrepCompositeModel>
          <option name="models">
            <list>
              <GrepModel>
                <option name="expression" value="" />
              </GrepModel>
            </list>
          </option>
        </GrepCompositeModel>
      </list>
    </option>
    <option name="profiles">
      <list>
        <Profile>
          <option name="defaultProfile" value="true" />
          <option name="enableFoldings" value="true" />
          <option name="grepExpressionGroups">
            <list>
              <GrepExpressionGroup>
                <option name="grepExpressionItems">
                  <list>
                    <GrepExpressionItem>
                      <option name="grepExpression" value=".*FATAL.*" />
                      <option name="style">
                        <GrepStyle>
                          <option name="backgroundColor">
                            <GrepColor>
                              <option name="colorKey" value="GrepConsole.fatal.background" />
                            </GrepColor>
                          </option>
                          <option name="bold" value="true" />
                          <option name="foregroundColor">
                            <GrepColor>
                              <option name="color" value="-6595781" />
                              <option name="colorKey" value="GrepConsole.fatal.foreground" />
                              <option name="enabled" value="true" />
                            </GrepColor>
                          </option>
                        </GrepStyle>
                      </option>
                    </GrepExpressionItem>
                    <GrepExpressionItem>
                      <option name="grepExpression" value=".*ERROR.*" />
                      <option name="style">
                        <GrepStyle>
                          <option name="backgroundColor">
                            <GrepColor>
                              <option name="colorKey" value="GrepConsole.error.background" />
                            </GrepColor>
                          </option>
                          <option name="foregroundColor">
                            <GrepColor>
                              <option name="color" value="-8243915" />
                              <option name="colorKey" value="GrepConsole.error.foreground" />
                              <option name="enabled" value="true" />
                            </GrepColor>
                          </option>
                        </GrepStyle>
                      </option>
                    </GrepExpressionItem>
                    <GrepExpressionItem>
                      <option name="grepExpression" value=".*WARN.*" />
                      <option name="style">
                        <GrepStyle>
                          <option name="backgroundColor">
                            <GrepColor>
                              <option name="colorKey" value="GrepConsole.warn.background" />
                            </GrepColor>
                          </option>
                          <option name="foregroundColor">
                            <GrepColor>
                              <option name="color" value="-9886176" />
                              <option name="colorKey" value="GrepConsole.warn.foreground" />
                              <option name="enabled" value="true" />
                            </GrepColor>
                          </option>
                        </GrepStyle>
                      </option>
                    </GrepExpressionItem>
                    <GrepExpressionItem>
                      <option name="enabled" value="false" />
                      <option name="grepExpression" value=".*INFO.*" />
                      <option name="style">
                        <GrepStyle>
                          <option name="backgroundColor">
                            <GrepColor>
                              <option name="colorKey" value="GrepConsole.info.background" />
                              <option name="enabled" value="true" />
                            </GrepColor>
                          </option>
                          <option name="foregroundColor">
                            <GrepColor>
                              <option name="colorKey" value="GrepConsole.info.foreground" />
                              <option name="enabled" value="true" />
                            </GrepColor>
                          </option>
                        </GrepStyle>
                      </option>
                    </GrepExpressionItem>
                    <GrepExpressionItem>
                      <option name="grepExpression" value=".*DEBUG.*" />
                      <option name="style">
                        <GrepStyle>
                          <option name="backgroundColor">
                            <GrepColor>
                              <option name="colorKey" value="GrepConsole.debug.background" />
                              <option name="enabled" value="true" />
                            </GrepColor>
                          </option>
                          <option name="foregroundColor">
                            <GrepColor>
                              <option name="colorKey" value="GrepConsole.debug.foreground" />
                              <option name="enabled" value="true" />
                            </GrepColor>
                          </option>
                        </GrepStyle>
                      </option>
                    </GrepExpressionItem>
                    <GrepExpressionItem>
                      <option name="grepExpression" value=".*TRACE.*" />
                      <option name="style">
                        <GrepStyle>
                          <option name="backgroundColor">
                            <GrepColor>
                              <option name="colorKey" value="GrepConsole.trace.background" />
                              <option name="enabled" value="true" />
                            </GrepColor>
                          </option>
                          <option name="foregroundColor">
                            <GrepColor>
                              <option name="colorKey" value="GrepConsole.trace.foreground" />
                              <option name="enabled" value="true" />
                            </GrepColor>
                          </option>
                        </GrepStyle>
                      </option>
                    </GrepExpressionItem>
                  </list>
                </option>
              </GrepExpressionGroup>
              <GrepExpressionGroup>
                <option name="name" value="@Theme Name@" />
              </GrepExpressionGroup>
              <GrepExpressionGroup>
                <option name="grepExpressionItems">
                  <list>
                    <GrepExpressionItem>
                      <option name="continueMatching" value="true" />
                      <option name="grepExpression" value="\d*.\d* seconds" />
                      <option name="highlightOnlyMatchingText" value="true" />
                      <option name="operationOnMatch" value="CONTINUE_MATCHING" />
                      <option name="style">
                        <GrepStyle>
                          <option name="backgroundColor">
                            <GrepColor>
                              <option name="color" value="-16711681" />
                            </GrepColor>
                          </option>
                          <option name="bold" value="true" />
                          <option name="foregroundColor">
                            <GrepColor>
                              <option name="color" value="-11162006" />
                              <option name="enabled" value="true" />
                            </GrepColor>
                          </option>
                        </GrepStyle>
                      </option>
                    </GrepExpressionItem>
                    <GrepExpressionItem>
                      <option name="continueMatching" value="true" />
                      <option name="grepExpression" value="profiles are active:.*" />
                      <option name="highlightOnlyMatchingText" value="true" />
                      <option name="operationOnMatch" value="CONTINUE_MATCHING" />
                      <option name="style">
                        <GrepStyle>
                          <option name="backgroundColor">
                            <GrepColor>
                              <option name="color" value="-12156236" />
                            </GrepColor>
                          </option>
                          <option name="bold" value="true" />
                          <option name="foregroundColor">
                            <GrepColor>
                              <option name="color" value="-3890885" />
                              <option name="enabled" value="true" />
                            </GrepColor>
                          </option>
                        </GrepStyle>
                      </option>
                    </GrepExpressionItem>
                    <GrepExpressionItem>
                      <option name="continueMatching" value="true" />
                      <option name="grepExpression" value="clusterName,\w+" />
                      <option name="highlightOnlyMatchingText" value="true" />
                      <option name="operationOnMatch" value="CONTINUE_MATCHING" />
                      <option name="style">
                        <GrepStyle>
                          <option name="backgroundColor">
                            <GrepColor>
                              <option name="color" value="-4343957" />
                            </GrepColor>
                          </option>
                          <option name="bold" value="true" />
                          <option name="foregroundColor">
                            <GrepColor>
                              <option name="color" value="-11291149" />
                              <option name="enabled" value="true" />
                            </GrepColor>
                          </option>
                        </GrepStyle>
                      </option>
                    </GrepExpressionItem>
                    <GrepExpressionItem>
                      <option name="continueMatching" value="true" />
                      <option name="grepExpression" value="port\(s\): \d+" />
                      <option name="highlightOnlyMatchingText" value="true" />
                      <option name="operationOnMatch" value="CONTINUE_MATCHING" />
                      <option name="style">
                        <GrepStyle>
                          <option name="backgroundColor">
                            <GrepColor>
                              <option name="color" value="-8355712" />
                            </GrepColor>
                          </option>
                          <option name="bold" value="true" />
                          <option name="foregroundColor">
                            <GrepColor>
                              <option name="color" value="-13258843" />
                              <option name="enabled" value="true" />
                            </GrepColor>
                          </option>
                        </GrepStyle>
                      </option>
                    </GrepExpressionItem>
                  </list>
                </option>
                <option name="name" value="Custom Highlights" />
              </GrepExpressionGroup>
            </list>
          </option>
          <option name="id" value="1660308616353" />
          <option name="inputFilterGroups">
            <list>
              <GrepExpressionGroup>
                <option name="grepExpressionItems">
                  <list>
                    <GrepExpressionItem>
                      <option name="action" value="REMOVE" />
                      <option name="enabled" value="false" />
                      <option name="grepExpression" value=".*unwanted line.*" />
                    </GrepExpressionItem>
                    <GrepExpressionItem>
                      <option name="action" value="REMOVE_UNLESS_PREVIOUSLY_MATCHED" />
                      <option name="enabled" value="false" />
                      <option name="grepExpression" value=".*unwanted line.*" />
                    </GrepExpressionItem>
                    <GrepExpressionItem>
                      <option name="action" value="REMOVE" />
                      <option name="grepExpression" value=".*unwanted line.*" />
                      <option name="inputFilter" value="true" />
                    </GrepExpressionItem>
                  </list>
                </option>
              </GrepExpressionGroup>
              <GrepExpressionGroup>
                <option name="grepExpressionItems">
                  <list>
                    <GrepExpressionItem>
                      <option name="action" value="REMOVE" />
                      <option name="grepExpression" value=".*catalina.*" />
                      <option name="inputFilter" value="true" />
                    </GrepExpressionItem>
                    <GrepExpressionItem>
                      <option name="action" value="REMOVE" />
                      <option name="grepExpression" value=".*coyote.*" />
                      <option name="inputFilter" value="true" />
                    </GrepExpressionItem>
                    <GrepExpressionItem>
                      <option name="action" value="REMOVE" />
                      <option name="grepExpression" value=".*log4Olympus2.*" />
                      <option name="inputFilter" value="true" />
                    </GrepExpressionItem>
                    <GrepExpressionItem>
                      <option name="action" value="REMOVE" />
                      <option name="grepExpression" value="INFO:.*" />
                      <option name="inputFilter" value="true" />
                    </GrepExpressionItem>
                    <GrepExpressionItem>
                      <option name="action" value="REMOVE" />
                      <option name="grepExpression" value="SLF4J.*" />
                      <option name="inputFilter" value="true" />
                    </GrepExpressionItem>
                    <GrepExpressionItem>
                      <option name="action" value="REMOVE" />
                      <option name="grepExpression" value="log4j:.*" />
                      <option name="inputFilter" value="true" />
                    </GrepExpressionItem>
                  </list>
                </option>
                <option name="name" value="My Group" />
              </GrepExpressionGroup>
              <GrepExpressionGroup>
                <option name="grepExpressionItems">
                  <list>
                    <GrepExpressionItem>
                      <option name="action" value="REMOVE" />
                      <option name="continueMatching" value="true" />
                      <option name="grepExpression" value=".*DEBUG.*" />
                      <option name="inputFilter" value="true" />
                      <option name="operationOnMatch" value="CONTINUE_MATCHING" />
                    </GrepExpressionItem>
                    <GrepExpressionItem>
                      <option name="action" value="REMOVE" />
                      <option name="continueMatching" value="true" />
                      <option name="grepExpression" value=".*CachingOperationNameGenerator.*" />
                      <option name="inputFilter" value="true" />
                      <option name="operationOnMatch" value="CONTINUE_MATCHING" />
                    </GrepExpressionItem>
                    <GrepExpressionItem>
                      <option name="action" value="REMOVE" />
                      <option name="continueMatching" value="true" />
                      <option name="grepExpression" value=".*LogStreamCollector.*" />
                      <option name="inputFilter" value="true" />
                      <option name="operationOnMatch" value="CONTINUE_MATCHING" />
                    </GrepExpressionItem>
                    <GrepExpressionItem>
                      <option name="action" value="REMOVE" />
                      <option name="grepExpression" value=".*ssoTokenGenerationLatency.*" />
                      <option name="inputFilter" value="true" />
                    </GrepExpressionItem>
                  </list>
                </option>
                <option name="name" value="Log Level: Ignore Info" />
              </GrepExpressionGroup>
              <GrepExpressionGroup>
                <option name="name" value="new" />
              </GrepExpressionGroup>
            </list>
          </option>
          <option name="name" value="default" />
        </Profile>
      </list>
    </option>
    <option name="version" value="1" />
  </component>
</application>