<application>
  <component name="GrepConsole">
    <option name="grepHistory">
      <list>
        <GrepCompositeModel>
          <option name="models">
            <list>
              <GrepModel>
                <option name="expression" value="port" />
              </GrepModel>
              <GrepModel>
                <option name="expression" value="" />
              </GrepModel>
            </list>
          </option>
        </GrepCompositeModel>
        <GrepCompositeModel>
          <option name="models">
            <list>
              <GrepModel>
                <option name="expression" value="port" />
              </GrepModel>
            </list>
          </option>
        </GrepCompositeModel>
        <GrepCompositeModel>
          <option name="models">
            <list>
              <GrepModel>
                <option name="expression" value="" />
              </GrepModel>
            </list>
          </option>
        </GrepCompositeModel>
      </list>
    </option>
    <option name="profiles">
      <list>
        <Profile>
          <option name="defaultProfile" value="true" />
          <option name="enableFoldings" value="true" />
          <option name="grepExpressionGroups">
            <list>
              <GrepExpressionGroup>
                <option name="grepExpressionItems">
                  <list>
                    <GrepExpressionItem>
                      <option name="continueMatching" value="true" />
                      <option name="grepExpression" value="\d+-\d+-\d+ \d+:\d+:\d+,\d+ \d+" />
                      <option name="highlightOnlyMatchingText" value="true" />
                      <option name="operationOnMatch" value="CONTINUE_MATCHING" />
                      <option name="style">
                        <GrepStyle>
                          <option name="backgroundColor">
                            <GrepColor>
                              <option name="color" value="-16741493" />
                            </GrepColor>
                          </option>
                          <option name="foregroundColor">
                            <GrepColor>
                              <option name="color" value="-14263661" />
                              <option name="enabled" value="true" />
                            </GrepColor>
                          </option>
                        </GrepStyle>
                      </option>
                    </GrepExpressionItem>
                    <GrepExpressionItem>
                      <option name="continueMatching" value="true" />
                      <option name="grepExpression" value="\d+-\d+-\d+ \d+:\d+:\d+.\d+" />
                      <option name="highlightOnlyMatchingText" value="true" />
                      <option name="operationOnMatch" value="CONTINUE_MATCHING" />
                      <option name="style">
                        <GrepStyle>
                          <option name="backgroundColor">
                            <GrepColor>
                              <option name="color" value="-16741493" />
                            </GrepColor>
                          </option>
                          <option name="foregroundColor">
                            <GrepColor>
                              <option name="color" value="-14263661" />
                              <option name="enabled" value="true" />
                            </GrepColor>
                          </option>
                        </GrepStyle>
                      </option>
                    </GrepExpressionItem>
                    <GrepExpressionItem>
                      <option name="continueMatching" value="true" />
                      <option name="grepExpression" value="\[[\w-\d]*\]" />
                      <option name="highlightOnlyMatchingText" value="true" />
                      <option name="operationOnMatch" value="CONTINUE_MATCHING" />
                      <option name="style">
                        <GrepStyle>
                          <option name="backgroundColor">
                            <GrepColor>
                              <option name="color" value="-7650029" />
                            </GrepColor>
                          </option>
                          <option name="foregroundColor">
                            <GrepColor>
                              <option name="color" value="-16744330" />
                              <option name="enabled" value="true" />
                            </GrepColor>
                          </option>
                        </GrepStyle>
                      </option>
                    </GrepExpressionItem>
                  </list>
                </option>
                <option name="name" value="Before All" />
              </GrepExpressionGroup>
              <GrepExpressionGroup>
                <option name="grepExpressionItems">
                  <list>
                    <GrepExpressionItem>
                      <option name="grepExpression" value=".*FATAL.*" />
                      <option name="style">
                        <GrepStyle>
                          <option name="backgroundColor">
                            <GrepColor>
                              <option name="colorKey" value="GrepConsole.fatal.background" />
                            </GrepColor>
                          </option>
                          <option name="bold" value="true" />
                          <option name="foregroundColor">
                            <GrepColor>
                              <option name="color" value="-3331298" />
                              <option name="colorKey" value="GrepConsole.fatal.foreground" />
                              <option name="enabled" value="true" />
                            </GrepColor>
                          </option>
                        </GrepStyle>
                      </option>
                    </GrepExpressionItem>
                    <GrepExpressionItem>
                      <option name="continueMatching" value="true" />
                      <option name="grepExpression" value="ERROR" />
                      <option name="operationOnMatch" value="CONTINUE_MATCHING" />
                      <option name="style">
                        <GrepStyle>
                          <option name="backgroundColor">
                            <GrepColor>
                              <option name="colorKey" value="GrepConsole.error.background" />
                            </GrepColor>
                          </option>
                          <option name="foregroundColor">
                            <GrepColor>
                              <option name="color" value="-3331298" />
                              <option name="colorKey" value="GrepConsole.error.foreground" />
                              <option name="enabled" value="true" />
                            </GrepColor>
                          </option>
                        </GrepStyle>
                      </option>
                    </GrepExpressionItem>
                    <GrepExpressionItem>
                      <option name="grepExpression" value="WARN" />
                      <option name="style">
                        <GrepStyle>
                          <option name="backgroundColor">
                            <GrepColor>
                              <option name="colorKey" value="GrepConsole.warn.background" />
                            </GrepColor>
                          </option>
                          <option name="foregroundColor">
                            <GrepColor>
                              <option name="color" value="-2576067" />
                              <option name="colorKey" value="GrepConsole.warn.foreground" />
                              <option name="enabled" value="true" />
                            </GrepColor>
                          </option>
                        </GrepStyle>
                      </option>
                    </GrepExpressionItem>
                    <GrepExpressionItem>
                      <option name="grepExpression" value=".*DEBUG.*" />
                      <option name="style">
                        <GrepStyle>
                          <option name="backgroundColor">
                            <GrepColor>
                              <option name="color" value="-8497765" />
                              <option name="colorKey" value="GrepConsole.debug.background" />
                            </GrepColor>
                          </option>
                          <option name="foregroundColor">
                            <GrepColor>
                              <option name="color" value="-8224126" />
                              <option name="colorKey" value="GrepConsole.debug.foreground" />
                              <option name="enabled" value="true" />
                            </GrepColor>
                          </option>
                        </GrepStyle>
                      </option>
                    </GrepExpressionItem>
                    <GrepExpressionItem>
                      <option name="grepExpression" value=".*TRACE.*" />
                      <option name="style">
                        <GrepStyle>
                          <option name="backgroundColor">
                            <GrepColor>
                              <option name="colorKey" value="GrepConsole.trace.background" />
                              <option name="enabled" value="true" />
                            </GrepColor>
                          </option>
                          <option name="foregroundColor">
                            <GrepColor>
                              <option name="color" value="-9868951" />
                              <option name="colorKey" value="GrepConsole.trace.foreground" />
                              <option name="enabled" value="true" />
                            </GrepColor>
                          </option>
                        </GrepStyle>
                      </option>
                    </GrepExpressionItem>
                  </list>
                </option>
                <option name="name" value="Log Levels" />
              </GrepExpressionGroup>
              <GrepExpressionGroup>
                <option name="grepExpressionItems">
                  <list>
                    <GrepExpressionItem>
                      <option name="continueMatching" value="true" />
                      <option name="grepExpression" value="\d*.\d* seconds" />
                      <option name="highlightOnlyMatchingText" value="true" />
                      <option name="operationOnMatch" value="CONTINUE_MATCHING" />
                      <option name="style">
                        <GrepStyle>
                          <option name="backgroundColor">
                            <GrepColor>
                              <option name="color" value="-16711681" />
                            </GrepColor>
                          </option>
                          <option name="foregroundColor">
                            <GrepColor>
                              <option name="color" value="-9177013" />
                              <option name="enabled" value="true" />
                            </GrepColor>
                          </option>
                        </GrepStyle>
                      </option>
                    </GrepExpressionItem>
                    <GrepExpressionItem>
                      <option name="continueMatching" value="true" />
                      <option name="grepExpression" value="profiles are active:.*" />
                      <option name="highlightOnlyMatchingText" value="true" />
                      <option name="operationOnMatch" value="CONTINUE_MATCHING" />
                      <option name="style">
                        <GrepStyle>
                          <option name="backgroundColor">
                            <GrepColor>
                              <option name="color" value="-12156236" />
                            </GrepColor>
                          </option>
                          <option name="foregroundColor">
                            <GrepColor>
                              <option name="color" value="-2385153" />
                              <option name="enabled" value="true" />
                            </GrepColor>
                          </option>
                        </GrepStyle>
                      </option>
                    </GrepExpressionItem>
                    <GrepExpressionItem>
                      <option name="continueMatching" value="true" />
                      <option name="grepExpression" value="profile is active:.*" />
                      <option name="highlightOnlyMatchingText" value="true" />
                      <option name="operationOnMatch" value="CONTINUE_MATCHING" />
                      <option name="style">
                        <GrepStyle>
                          <option name="backgroundColor">
                            <GrepColor>
                              <option name="color" value="-12156236" />
                            </GrepColor>
                          </option>
                          <option name="foregroundColor">
                            <GrepColor>
                              <option name="color" value="-2385153" />
                              <option name="enabled" value="true" />
                            </GrepColor>
                          </option>
                        </GrepStyle>
                      </option>
                    </GrepExpressionItem>
                    <GrepExpressionItem>
                      <option name="continueMatching" value="true" />
                      <option name="grepExpression" value="clusterName,\w+" />
                      <option name="highlightOnlyMatchingText" value="true" />
                      <option name="operationOnMatch" value="CONTINUE_MATCHING" />
                      <option name="style">
                        <GrepStyle>
                          <option name="backgroundColor">
                            <GrepColor>
                              <option name="color" value="-4343957" />
                            </GrepColor>
                          </option>
                          <option name="foregroundColor">
                            <GrepColor>
                              <option name="color" value="-8497765" />
                              <option name="enabled" value="true" />
                            </GrepColor>
                          </option>
                        </GrepStyle>
                      </option>
                    </GrepExpressionItem>
                    <GrepExpressionItem>
                      <option name="continueMatching" value="true" />
                      <option name="grepExpression" value="port\(s\): \d+" />
                      <option name="highlightOnlyMatchingText" value="true" />
                      <option name="operationOnMatch" value="CONTINUE_MATCHING" />
                      <option name="style">
                        <GrepStyle>
                          <option name="backgroundColor">
                            <GrepColor>
                              <option name="color" value="-8355712" />
                            </GrepColor>
                          </option>
                          <option name="foregroundColor">
                            <GrepColor>
                              <option name="color" value="-2186241" />
                              <option name="enabled" value="true" />
                            </GrepColor>
                          </option>
                        </GrepStyle>
                      </option>
                    </GrepExpressionItem>
                    <GrepExpressionItem>
                      <option name="continueMatching" value="true" />
                      <option name="grepExpression" value="Tomcat started on port\(s\): \d+" />
                      <option name="highlightOnlyMatchingText" value="true" />
                      <option name="operationOnMatch" value="CONTINUE_MATCHING" />
                      <option name="style">
                        <GrepStyle>
                          <option name="backgroundColor">
                            <GrepColor>
                              <option name="color" value="-8355712" />
                            </GrepColor>
                          </option>
                          <option name="foregroundColor">
                            <GrepColor>
                              <option name="color" value="-9177013" />
                              <option name="enabled" value="true" />
                            </GrepColor>
                          </option>
                        </GrepStyle>
                      </option>
                    </GrepExpressionItem>
                    <GrepExpressionItem>
                      <option name="grepExpression" value="log4j:.*" />
                      <option name="highlightOnlyMatchingText" value="true" />
                      <option name="style">
                        <GrepStyle>
                          <option name="backgroundColor">
                            <GrepColor>
                              <option name="color" value="-5103070" />
                            </GrepColor>
                          </option>
                          <option name="foregroundColor">
                            <GrepColor>
                              <option name="color" value="-9868951" />
                              <option name="enabled" value="true" />
                            </GrepColor>
                          </option>
                        </GrepStyle>
                      </option>
                    </GrepExpressionItem>
                    <GrepExpressionItem>
                      <option name="grepExpression" value="INFO:.*" />
                      <option name="highlightOnlyMatchingText" value="true" />
                      <option name="style">
                        <GrepStyle>
                          <option name="backgroundColor">
                            <GrepColor>
                              <option name="color" value="-5103070" />
                            </GrepColor>
                          </option>
                          <option name="foregroundColor">
                            <GrepColor>
                              <option name="color" value="-9868951" />
                              <option name="enabled" value="true" />
                            </GrepColor>
                          </option>
                        </GrepStyle>
                      </option>
                    </GrepExpressionItem>
                    <GrepExpressionItem>
                      <option name="grepExpression" value="SLF4J:.*" />
                      <option name="highlightOnlyMatchingText" value="true" />
                      <option name="style">
                        <GrepStyle>
                          <option name="backgroundColor">
                            <GrepColor>
                              <option name="color" value="-8388608" />
                            </GrepColor>
                          </option>
                          <option name="foregroundColor">
                            <GrepColor>
                              <option name="color" value="-9868951" />
                              <option name="enabled" value="true" />
                            </GrepColor>
                          </option>
                        </GrepStyle>
                      </option>
                    </GrepExpressionItem>
                  </list>
                </option>
                <option name="name" value="Custom Highlights" />
              </GrepExpressionGroup>
              <GrepExpressionGroup>
                <option name="grepExpressionItems">
                  <list>
                    <GrepExpressionItem>
                      <option name="continueMatching" value="true" />
                      <option name="grepExpression" value="\[[.\w]*\]" />
                      <option name="highlightOnlyMatchingText" value="true" />
                      <option name="operationOnMatch" value="CONTINUE_MATCHING" />
                      <option name="style">
                        <GrepStyle>
                          <option name="backgroundColor">
                            <GrepColor>
                              <option name="color" value="-7650029" />
                            </GrepColor>
                          </option>
                          <option name="foregroundColor">
                            <GrepColor>
                              <option name="color" value="-16735326" />
                              <option name="enabled" value="true" />
                            </GrepColor>
                          </option>
                        </GrepStyle>
                      </option>
                    </GrepExpressionItem>
                    <GrepExpressionItem>
                      <option name="continueMatching" value="true" />
                      <option name="grepExpression" value=":\&quot;[\w-]+\&quot;" />
                      <option name="highlightOnlyMatchingText" value="true" />
                      <option name="operationOnMatch" value="CONTINUE_MATCHING" />
                      <option name="style">
                        <GrepStyle>
                          <option name="backgroundColor">
                            <GrepColor>
                              <option name="color" value="-65536" />
                            </GrepColor>
                          </option>
                          <option name="foregroundColor">
                            <GrepColor>
                              <option name="color" value="-11370531" />
                              <option name="enabled" value="true" />
                            </GrepColor>
                          </option>
                        </GrepStyle>
                      </option>
                    </GrepExpressionItem>
                    <GrepExpressionItem>
                      <option name="continueMatching" value="true" />
                      <option name="grepExpression" value="\&quot;:[\d-]+[,|\}]" />
                      <option name="highlightOnlyMatchingText" value="true" />
                      <option name="operationOnMatch" value="CONTINUE_MATCHING" />
                      <option name="style">
                        <GrepStyle>
                          <option name="backgroundColor">
                            <GrepColor>
                              <option name="color" value="-65536" />
                            </GrepColor>
                          </option>
                          <option name="foregroundColor">
                            <GrepColor>
                              <option name="color" value="-10774785" />
                              <option name="enabled" value="true" />
                            </GrepColor>
                          </option>
                        </GrepStyle>
                      </option>
                    </GrepExpressionItem>
                    <GrepExpressionItem>
                      <option name="continueMatching" value="true" />
                      <option name="grepExpression" value="\&quot;\w+\&quot;:" />
                      <option name="highlightOnlyMatchingText" value="true" />
                      <option name="operationOnMatch" value="CONTINUE_MATCHING" />
                      <option name="style">
                        <GrepStyle>
                          <option name="backgroundColor">
                            <GrepColor>
                              <option name="color" value="-65536" />
                            </GrepColor>
                          </option>
                          <option name="foregroundColor">
                            <GrepColor>
                              <option name="color" value="-12146852" />
                              <option name="enabled" value="true" />
                            </GrepColor>
                          </option>
                        </GrepStyle>
                      </option>
                    </GrepExpressionItem>
                    <GrepExpressionItem>
                      <option name="continueMatching" value="true" />
                      <option name="grepExpression" value="[()]" />
                      <option name="highlightOnlyMatchingText" value="true" />
                      <option name="operationOnMatch" value="CONTINUE_MATCHING" />
                      <option name="style">
                        <GrepStyle>
                          <option name="backgroundColor">
                            <GrepColor>
                              <option name="color" value="-65536" />
                            </GrepColor>
                          </option>
                          <option name="foregroundColor">
                            <GrepColor>
                              <option name="color" value="-10578433" />
                              <option name="enabled" value="true" />
                            </GrepColor>
                          </option>
                        </GrepStyle>
                      </option>
                    </GrepExpressionItem>
                    <GrepExpressionItem>
                      <option name="continueMatching" value="true" />
                      <option name="grepExpression" value="[{}]" />
                      <option name="highlightOnlyMatchingText" value="true" />
                      <option name="operationOnMatch" value="CONTINUE_MATCHING" />
                      <option name="style">
                        <GrepStyle>
                          <option name="backgroundColor">
                            <GrepColor>
                              <option name="color" value="-65536" />
                            </GrepColor>
                          </option>
                          <option name="foregroundColor">
                            <GrepColor>
                              <option name="color" value="-16733185" />
                              <option name="enabled" value="true" />
                            </GrepColor>
                          </option>
                        </GrepStyle>
                      </option>
                    </GrepExpressionItem>
                    <GrepExpressionItem>
                      <option name="continueMatching" value="true" />
                      <option name="grepExpression" value="[']" />
                      <option name="highlightOnlyMatchingText" value="true" />
                      <option name="operationOnMatch" value="CONTINUE_MATCHING" />
                      <option name="style">
                        <GrepStyle>
                          <option name="backgroundColor">
                            <GrepColor>
                              <option name="color" value="-65536" />
                            </GrepColor>
                          </option>
                          <option name="bold" value="true" />
                          <option name="foregroundColor">
                            <GrepColor>
                              <option name="color" value="-12146852" />
                              <option name="enabled" value="true" />
                            </GrepColor>
                          </option>
                        </GrepStyle>
                      </option>
                    </GrepExpressionItem>
                    <GrepExpressionItem>
                      <option name="continueMatching" value="true" />
                      <option name="grepExpression" value="\(" />
                      <option name="highlightOnlyMatchingText" value="true" />
                      <option name="operationOnMatch" value="CONTINUE_MATCHING" />
                      <option name="style">
                        <GrepStyle>
                          <option name="backgroundColor">
                            <GrepColor>
                              <option name="color" value="-65536" />
                            </GrepColor>
                          </option>
                          <option name="foregroundColor">
                            <GrepColor>
                              <option name="color" value="-10774785" />
                              <option name="enabled" value="true" />
                            </GrepColor>
                          </option>
                        </GrepStyle>
                      </option>
                    </GrepExpressionItem>
                    <GrepExpressionItem>
                      <option name="continueMatching" value="true" />
                      <option name="grepExpression" value="-&lt; .* &gt;-" />
                      <option name="highlightOnlyMatchingText" value="true" />
                      <option name="operationOnMatch" value="CONTINUE_MATCHING" />
                      <option name="style">
                        <GrepStyle>
                          <option name="backgroundColor">
                            <GrepColor>
                              <option name="color" value="-11363255" />
                            </GrepColor>
                          </option>
                          <option name="foregroundColor">
                            <GrepColor>
                              <option name="color" value="-2186241" />
                              <option name="enabled" value="true" />
                            </GrepColor>
                          </option>
                        </GrepStyle>
                      </option>
                    </GrepExpressionItem>
                    <GrepExpressionItem>
                      <option name="continueMatching" value="true" />
                      <option name="grepExpression" value="\[INFO\]" />
                      <option name="highlightOnlyMatchingText" value="true" />
                      <option name="operationOnMatch" value="CONTINUE_MATCHING" />
                      <option name="style">
                        <GrepStyle>
                          <option name="backgroundColor">
                            <GrepColor>
                              <option name="colorKey" value="GrepConsole.info.background" />
                            </GrepColor>
                          </option>
                          <option name="foregroundColor">
                            <GrepColor>
                              <option name="color" value="-11499212" />
                              <option name="colorKey" value="GrepConsole.info.foreground" />
                              <option name="enabled" value="true" />
                            </GrepColor>
                          </option>
                        </GrepStyle>
                      </option>
                    </GrepExpressionItem>
                    <GrepExpressionItem>
                      <option name="continueMatching" value="true" />
                      <option name="grepExpression" value="\{[&quot;]+[\w-,:]*\}" />
                      <option name="highlightOnlyMatchingText" value="true" />
                      <option name="operationOnMatch" value="CONTINUE_MATCHING" />
                      <option name="style">
                        <GrepStyle>
                          <option name="backgroundColor">
                            <GrepColor>
                              <option name="color" value="-5658199" />
                            </GrepColor>
                          </option>
                          <option name="foregroundColor">
                            <GrepColor>
                              <option name="color" value="-2983876" />
                              <option name="enabled" value="true" />
                            </GrepColor>
                          </option>
                        </GrepStyle>
                      </option>
                    </GrepExpressionItem>
                    <GrepExpressionItem>
                      <option name="continueMatching" value="true" />
                      <option name="grepExpression" value="(, )|(: )|(\. )" />
                      <option name="highlightOnlyMatchingText" value="true" />
                      <option name="operationOnMatch" value="CONTINUE_MATCHING" />
                      <option name="style">
                        <GrepStyle>
                          <option name="backgroundColor">
                            <GrepColor>
                              <option name="color" value="-65536" />
                            </GrepColor>
                          </option>
                          <option name="bold" value="true" />
                          <option name="foregroundColor">
                            <GrepColor>
                              <option name="color" value="-4034503" />
                              <option name="enabled" value="true" />
                            </GrepColor>
                          </option>
                        </GrepStyle>
                      </option>
                    </GrepExpressionItem>
                  </list>
                </option>
                <option name="name" value="After All" />
              </GrepExpressionGroup>
            </list>
          </option>
          <option name="id" value="1660308616353" />
          <option name="inputFilterGroups">
            <list>
              <GrepExpressionGroup>
                <option name="grepExpressionItems">
                  <list>
                    <GrepExpressionItem>
                      <option name="action" value="REMOVE" />
                      <option name="enabled" value="false" />
                      <option name="grepExpression" value=".*unwanted line.*" />
                    </GrepExpressionItem>
                    <GrepExpressionItem>
                      <option name="action" value="REMOVE_UNLESS_PREVIOUSLY_MATCHED" />
                      <option name="enabled" value="false" />
                      <option name="grepExpression" value=".*unwanted line.*" />
                    </GrepExpressionItem>
                    <GrepExpressionItem>
                      <option name="action" value="REMOVE" />
                      <option name="grepExpression" value=".*unwanted line.*" />
                      <option name="inputFilter" value="true" />
                    </GrepExpressionItem>
                  </list>
                </option>
              </GrepExpressionGroup>
              <GrepExpressionGroup>
                <option name="grepExpressionItems">
                  <list>
                    <GrepExpressionItem>
                      <option name="action" value="REMOVE" />
                      <option name="grepExpression" value=".*catalina.*" />
                      <option name="inputFilter" value="true" />
                    </GrepExpressionItem>
                    <GrepExpressionItem>
                      <option name="action" value="REMOVE" />
                      <option name="grepExpression" value=".*coyote.*" />
                      <option name="inputFilter" value="true" />
                    </GrepExpressionItem>
                    <GrepExpressionItem>
                      <option name="action" value="REMOVE" />
                      <option name="grepExpression" value=".*log4Olympus2.*" />
                      <option name="inputFilter" value="true" />
                    </GrepExpressionItem>
                    <GrepExpressionItem>
                      <option name="action" value="REMOVE" />
                      <option name="clearConsole" value="true" />
                      <option name="continueMatching" value="true" />
                      <option name="enabled" value="false" />
                      <option name="grepExpression" value=".*DEBUG.*" />
                      <option name="inputFilter" value="true" />
                      <option name="operationOnMatch" value="CONTINUE_MATCHING" />
                    </GrepExpressionItem>
                    <GrepExpressionItem>
                      <option name="action" value="REMOVE" />
                      <option name="continueMatching" value="true" />
                      <option name="grepExpression" value=".*CachingOperationNameGenerator.*" />
                      <option name="inputFilter" value="true" />
                      <option name="operationOnMatch" value="CONTINUE_MATCHING" />
                    </GrepExpressionItem>
                    <GrepExpressionItem>
                      <option name="action" value="REMOVE" />
                      <option name="continueMatching" value="true" />
                      <option name="grepExpression" value=".*LogStreamCollector.*" />
                      <option name="inputFilter" value="true" />
                      <option name="operationOnMatch" value="CONTINUE_MATCHING" />
                    </GrepExpressionItem>
                    <GrepExpressionItem>
                      <option name="action" value="REMOVE" />
                      <option name="grepExpression" value=".*ssoTokenGenerationLatency.*" />
                      <option name="inputFilter" value="true" />
                    </GrepExpressionItem>
                    <GrepExpressionItem>
                      <option name="action" value="REMOVE" />
                      <option name="grepExpression" value=".*backgroundTokenExpiryChecks.*" />
                      <option name="inputFilter" value="true" />
                    </GrepExpressionItem>
                  </list>
                </option>
                <option name="name" value="Log Level: Ignore Lines" />
              </GrepExpressionGroup>
            </list>
          </option>
          <option name="maxLengthToMatch" value="1000" />
          <option name="name" value="default" />
        </Profile>
      </list>
    </option>
    <option name="version" value="2" />
  </component>
</application>