<filetype binary="false" default_extension="conf" description="SSH Config" name="SSH Conf">
  <highlighting>
    <options>
      <option name="LINE_COMMENT" value="#" />
      <option name="COMMENT_START" value="####" />
      <option name="COMMENT_END" value="####" />
      <option name="HEX_PREFIX" value="" />
      <option name="NUM_POSTFIXES" value="" />
      <option name="HAS_BRACES" value="true" />
      <option name="HAS_BRACKETS" value="true" />
      <option name="HAS_PARENS" value="true" />
      <option name="HAS_STRING_ESCAPES" value="true" />
    </options>
    <keywords keywords="AcceptEnv;AddressFamily;AllowAgentForwarding;AllowGroups;AllowStreamLocalForwarding;AllowTcpForwarding;AllowUsers;AuthenticationMethods;AuthorizedKeysCommand;AuthorizedKeysCommandUser;AuthorizedKeysFile;AuthorizedPrincipalsCommand;AuthorizedPrincipalsCommandUser;Banner;ChallengeResponseAuthentication;ChrootDirectory;Ciphers;ClientAliveCountMax;ClientAliveInterval;Compression;DenyGroups;DenyUsers;ForceCommand;GSSAPIAuthentication;GSSAPICleanupCredentials;GSSAPIStrictAcceptorCheck;GatewayPorts;HostbasedAuthentication;HostbasedUsesNameFromPacketOnly;IgnoreRhosts;IgnoreUserKnownHosts;KbdInteractiveAuthentication;KerberosAuthentication;KerberosGetAFSToken;KerberosOrLocalPasswd;KerberosTicketCleanup;KexAlgorithms;ListenAddress;LogLevel;LoginGraceTime;MACs;MaxAuthTries;MaxSessions;PasswordAuthentication;PermitEmptyPasswords;PermitRootLogin;PermitTTY;PermitTunnel;PermitUserEnvironment;PidFile;Port;PrintLastLog;PrintMotd;Protocol;PubkeyAcceptedKeyTypes;PubkeyAuthentication;RSAAuthentication;RekeyLimit;RevokedKeys;RhostsRSAAuthentication;ServerKeyBits;StrictModes;Subsystem;SyslogFacility;TCPKeepAlive;UseDNS;UseLogin;UsePAM;UsePrivilegeSeparation;UsePrivilegeSeparationSandBox;X11DisplayOffset;X11Forwarding;X11UseLocalhost" ignore_case="false" />
    <keywords2 keywords="AddKeysToAgent;AddressFamily;BatchMode;BindAddress;CanonicalDomains;CanonicalizeFallbackLocal;CanonicalizeHostname;CanonicalizeMaxDots;CanonicalizePermittedCNAMEs;CertificateFile;ChallengeResponseAuthentication;CheckHostIP;Cipher;Ciphers;ClearAllForwardings;Compression;ConnectTimeout;ConnectionAttempts;ControlMaster;ControlPath;ControlPersist;DynamicForward;EscapeChar;ExitOnForwardFailure;ForwardAgent;ForwardX11;ForwardX11Timeout;ForwardX11Trusted;GSSAPIAuthentication;GSSAPIClientIdentity;GSSAPIDelegateCredentials;GSSAPIKeyExchange;GSSAPIServerIdentity;GSSAPITrustDNS;GatewayPorts;GlobalKnownHostsFile;HashKnownHosts;Host;HostKey;HostKeyAlgorithms;HostKeyAlias;HostName;HostbasedAuthentication;HostbasedKeyTypes;IPQoS;IdentitiesOnly;IdentityAgent;IdentityFile;IgnoreUnknown;KBDInteractiveAuthentication;KbdInteractiveDevices;KexAlgorithms;LocalCommand;LocalForward;LocalTunnel;LocalTunnelPort;LogLevel;MACs;Match;NoHostAuthenticationForLocalhost;NumberOfPasswordPrompts;PKCS11Provider;PasswordAuthentication;PermitLocalCommand;PermitRootLogin;Port;PreferredAuthentications;ProxyCommand;ProxyJump;ProxyUseFdpass;PubkeyAuthentication;RSAAuthentication;RekeyLimit;RemoteForward;RequestTTY;RevokedHostKeys;RhostsRSAAuthentication;SendEnv;ServerAliveCountMax;ServerAliveInterval;StreamLocalBindMask;StreamLocalBindUnlink;StrictHostKeyChecking;TCPKeepAlive;Tunnel;TunnelDevice;UpdateHostKeys;UseDNS;UsePrivilegedPort;User;UserKnownHostsFile;VerifyHostKeyDNS;VisualHostKey;XAuthLocation" />
    <keywords3 keywords="Include" />
    <keywords4 keywords="Hostname" />
  </highlighting>
  <extensionMap>
    <mapping ext="conf" />
  </extensionMap>
</filetype>