<application>
  <component name="ExternalDiffSettings">
    <option name="MIGRATE_OLD_SETTINGS" value="true" />
  </component>
  <component name="TextDiffSettings">
    <option name="PLACES_MAP">
      <entry key="BlankDiffWindow">
        <PlaceSettings>
          <option name="BREADCRUMBS_PLACEMENT" value="TOP" />
          <option name="HIGHLIGHTING_LEVEL" value="ADVANCED" />
          <option name="USE_SOFT_WRAPS" value="true" />
        </PlaceSettings>
      </entry>
      <entry key="Default">
        <PlaceSettings>
          <option name="IGNORE_POLICY" value="IGNORE_WHITESPACES_CHUNKS" />
          <option name="SHOW_WHITESPACES" value="true" />
        </PlaceSettings>
      </entry>
    </option>
    <option name="SHARED_SETTINGS">
      <SharedSettings>
        <option name="ENABLE_ALIGNING_CHANGES_MODE" value="true" />
      </SharedSettings>
    </option>
  </component>
</application>