<application>
  <component name="com.github.evgenys91.machinet.common.feedback.FeedbackState">
    <option name="feedbackDTOByID">
      <map>
        <entry key="AtroposPublisherClientTest.java_generateRandomNodeId">
          <value>
            <FeedbackDTO>
              <option name="myFileName" value="AtroposPublisherClientTest.java" />
              <option name="myMethodName" value="generateRandomNodeId" />
              <option name="myCode" value="private static String generateRandomNodeId() {&#10;    return RandomStringUtils.random(NODE_ID_SIZE, true, true);&#10;  }" />
              <option name="myGeneratedDate" value="1693475673255" />
              <option name="myRequestId" value="23bbf0" />
            </FeedbackDTO>
          </value>
        </entry>
        <entry key="AtroposPublisherClientTest.java_setUp">
          <value>
            <FeedbackDTO>
              <option name="myFileName" value="AtroposPublisherClientTest.java" />
              <option name="myMethodName" value="setUp" />
              <option name="myCode" value="@BeforeEach&#10;  public void setUp() {&#10;    MockitoAnnotations.initMocks(this);&#10;    atroposPublisherClient = new AtroposPublisherClient();&#10;  }" />
              <option name="myGeneratedDate" value="1693475673255" />
              <option name="myRequestId" value="23bbf0" />
            </FeedbackDTO>
          </value>
        </entry>
        <entry key="AtroposPublisherClientTest.java_testPublishWhenAtroposPublisherFactoryThrowsExceptionThenPropagatesException">
          <value>
            <FeedbackDTO>
              <option name="myFileName" value="AtroposPublisherClientTest.java" />
              <option name="myMethodName" value="testPublishWhenAtroposPublisherFactoryThrowsExceptionThenPropagatesException" />
              <option name="myCode" value="@Test&#10;  void testPublishWhenAtroposPublisherFactoryThrowsExceptionThenPropagatesException() {&#10;    // Arrange&#10;    // Topic = TopicScope_Tenant_ObjectType&#10;    PubSubEvent.Builder pubSubEventBuilder =&#10;        new PubSubEvent.Builder()&#10;            .tenant(&quot;0&quot;)&#10;            .topicScope(TopicScope.SYSTEM)&#10;            .objectType(&quot;PubsubSanity&quot;)&#10;            .objectID(&quot;1&quot;)&#10;            .operationType(OperationType.CREATED)&#10;            .sourceAttributes(new NameValuePair[0])&#10;            .tags(ImmutableList.of())&#10;            .stateMachineState(&quot;state&quot;)&#10;            .data(gson.toJsonTree(ImmutableMap.of(&quot;sampleKey&quot;, &quot;sampleValue&quot;)));&#10;&#10;    PublishMode mode = PublishMode.SYNC;&#10;&#10;    // Act &amp; Assert&#10;    assertThrows(&#10;        IllegalArgumentException.class,&#10;        () -&gt; atroposPublisherClient.publish(pubSubEventBuilder, mode));&#10;  }" />
              <option name="myGeneratedDate" value="1693475673255" />
              <option name="myRequestId" value="23bbf0" />
            </FeedbackDTO>
          </value>
        </entry>
        <entry key="AtroposPublisherClientTest.java_testPublishWhenAuthTokenProvidedThenDebugMessageLoggedAndPublishCalled">
          <value>
            <FeedbackDTO>
              <option name="myFileName" value="AtroposPublisherClientTest.java" />
              <option name="myMethodName" value="testPublishWhenAuthTokenProvidedThenDebugMessageLoggedAndPublishCalled" />
              <option name="myCode" value="@Test&#10;  void testPublishWhenAuthTokenProvidedThenDebugMessageLoggedAndPublishCalled() {&#10;    // Arrange&#10;    PubSubEvent.Builder pubSubEventBuilder = mock(PubSubEvent.Builder.class);&#10;    PublishMode mode = PublishMode.ASYNC;&#10;    String authToken = &quot;authToken&quot;;&#10;    when(atroposPublisherFactory.getAtroposPublisherByMode(mode)).thenReturn(atroposPublisher);&#10;    when(atroposPublisher.publish(pubSubEventBuilder, mode, null)).thenReturn(CompletableFuture.completedFuture(null));&#10;&#10;    // Act&#10;    atroposPublisherClient.publish(pubSubEventBuilder, mode, authToken);&#10;&#10;    // Assert&#10;    verify(atroposPublisherFactory).getAtroposPublisherByMode(mode);&#10;    verify(atroposPublisher).publish(pubSubEventBuilder, mode, null);&#10;  }" />
              <option name="myGeneratedDate" value="1693475673255" />
              <option name="myRequestId" value="23bbf0" />
            </FeedbackDTO>
          </value>
        </entry>
        <entry key="AtroposPublisherClientTest.java_testPublishWhenCalledThenCorrectCompletionStageReturned">
          <value>
            <FeedbackDTO>
              <option name="myFileName" value="AtroposPublisherClientTest.java" />
              <option name="myMethodName" value="testPublishWhenCalledThenCorrectCompletionStageReturned" />
              <option name="myCode" value="@Test&#10;  void testPublishWhenCalledThenCorrectCompletionStageReturned() {&#10;    // Arrange&#10;    PubSubEvent.Builder pubSubEventBuilder = mock(PubSubEvent.Builder.class);&#10;    PublishMode mode = PublishMode.ASYNC;&#10;    String authToken = &quot;authToken&quot;;&#10;    CompletionStage&lt;PublishEventResponse&gt; expectedResponse = CompletableFuture.completedFuture(null);&#10;    when(atroposPublisherFactory.getAtroposPublisherByMode(mode)).thenReturn(atroposPublisher);&#10;    when(atroposPublisher.publish(pubSubEventBuilder, mode, null)).thenReturn(expectedResponse);&#10;&#10;    // Act&#10;    CompletionStage&lt;PublishEventResponse&gt; actualResponse = atroposPublisherClient.publish(pubSubEventBuilder, mode, authToken);&#10;&#10;    // Assert&#10;    assertSame(expectedResponse, actualResponse);&#10;  }" />
              <option name="myGeneratedDate" value="1693475673255" />
              <option name="myRequestId" value="23bbf0" />
            </FeedbackDTO>
          </value>
        </entry>
        <entry key="AtroposPublisherClientTest.java_testPublishWhenGivenValidInputsThenPublishesEvent">
          <value>
            <FeedbackDTO>
              <option name="myFileName" value="AtroposPublisherClientTest.java" />
              <option name="myMethodName" value="testPublishWhenGivenValidInputsThenPublishesEvent" />
              <option name="myCode" value="@Test&#10;  void testPublishWhenGivenValidInputsThenPublishesEvent() {&#10;    // Arrange&#10;    PubSubEvent.Builder pubSubEventBuilder =&#10;        new PubSubEvent.Builder()&#10;            .tenant(&quot;0&quot;)&#10;            .topicScope(TopicScope.SYSTEM)&#10;            .objectType(&quot;PubSubTest&quot;)&#10;            .objectID(&quot;1&quot;)&#10;            .operationType(OperationType.CREATED)&#10;            .sourceAttributes(new NameValuePair[0])&#10;            .tags(ImmutableList.of())&#10;            .stateMachineState(&quot;state&quot;)&#10;            .data(gson.toJsonTree(ImmutableMap.of(&quot;sampleKey&quot;, &quot;sampleValue&quot;)));&#10;&#10;    PublishMode mode = PublishMode.ASYNC;&#10;    PublishEventResponse response = PublishEventResponse.builder().build();&#10;    CompletionStage&lt;PublishEventResponse&gt; futureResponse =&#10;        CompletableFuture.completedFuture(response);&#10;&#10;    // Act&#10;    CompletionStage&lt;PublishEventResponse&gt; result =&#10;        atroposPublisherClient.publish(pubSubEventBuilder, mode);&#10;&#10;    // Assert&#10;    assert (result.toCompletableFuture().isDone());&#10;  }" />
              <option name="myGeneratedDate" value="1693475673222" />
              <option name="myRequestId" value="23bbf0" />
            </FeedbackDTO>
          </value>
        </entry>
        <entry key="HadesSftpUserServiceTest.java_setUp">
          <value>
            <FeedbackDTO>
              <option name="myFileName" value="HadesSftpUserServiceTest.java" />
              <option name="myMethodName" value="setUp" />
              <option name="myCode" value="@BeforeEach&#10;    public void setUp() {&#10;        tenant = new Tenant();&#10;        tenant.setName(&quot;testTenant&quot;);&#10;&#10;        jobSpec = new JobSpec();&#10;        jobSpec.setName(&quot;testJobSpec&quot;);&#10;&#10;        tenantHomeFolder = &quot;/home/testTenant&quot;;&#10;        jobSpecFolderName = &quot;testJobSpec&quot;;&#10;    }" />
              <option name="myGeneratedDate" value="1700563942660" />
              <option name="myRequestId" value="d66f07" />
            </FeedbackDTO>
          </value>
        </entry>
        <entry key="HadesSftpUserServiceTest.java_testCreateJobSpecInputFolderHierarchyForTenantWhenExceptionIsThrown">
          <value>
            <FeedbackDTO>
              <option name="myFileName" value="HadesSftpUserServiceTest.java" />
              <option name="myMethodName" value="testCreateJobSpecInputFolderHierarchyForTenantWhenExceptionIsThrown" />
              <option name="myCode" value="@Test&#10;    public void testCreateJobSpecInputFolderHierarchyForTenantWhenExceptionIsThrown() {&#10;        hadesSftpUserService.setIoEnabled(false);&#10;&#10;        doThrow(new RuntimeException()).when(hadesSftpUserService).runCommand(anyString());&#10;&#10;        try {&#10;            hadesSftpUserService.createJobSpecInputFolderHierarchyForTenant(tenant, jobSpec, tenantHomeFolder, jobSpecFolderName);&#10;        } catch (HadesException e) {&#10;            assertEquals(&quot;Failed to create tenant's user for hades sftp store&quot;, e.getMessage());&#10;        }&#10;    }" />
              <option name="myGeneratedDate" value="1700563942660" />
              <option name="myRequestId" value="d66f07" />
            </FeedbackDTO>
          </value>
        </entry>
        <entry key="HadesSftpUserServiceTest.java_testCreateJobSpecInputFolderHierarchyForTenantWhenIsIoEnabledIsFalse">
          <value>
            <FeedbackDTO>
              <option name="myFileName" value="HadesSftpUserServiceTest.java" />
              <option name="myMethodName" value="testCreateJobSpecInputFolderHierarchyForTenantWhenIsIoEnabledIsFalse" />
              <option name="myCode" value="@Test&#10;    public void testCreateJobSpecInputFolderHierarchyForTenantWhenIsIoEnabledIsFalse() {&#10;        hadesSftpUserService.setIoEnabled(false);&#10;&#10;        doNothing().when(hadesSftpUserService).runCommand(anyString());&#10;&#10;        hadesSftpUserService.createJobSpecInputFolderHierarchyForTenant(tenant, jobSpec, tenantHomeFolder, jobSpecFolderName);&#10;&#10;        verify(hadesSftpUserService, times(1)).runCommand(anyString());&#10;    }" />
              <option name="myGeneratedDate" value="1700563942660" />
              <option name="myRequestId" value="d66f07" />
            </FeedbackDTO>
          </value>
        </entry>
        <entry key="HadesSftpUserServiceTest.java_testCreateJobSpecInputFolderHierarchyForTenantWhenIsIoEnabledIsTrue">
          <value>
            <FeedbackDTO>
              <option name="myFileName" value="HadesSftpUserServiceTest.java" />
              <option name="myMethodName" value="testCreateJobSpecInputFolderHierarchyForTenantWhenIsIoEnabledIsTrue" />
              <option name="myCode" value="@Test&#10;    public void testCreateJobSpecInputFolderHierarchyForTenantWhenIsIoEnabledIsTrue() {&#10;        hadesSftpUserService.setIoEnabled(true);&#10;&#10;        when(hadesSftpUserService.getSpecFolderOperator()).thenReturn(fileOperator);&#10;&#10;        hadesSftpUserService.createJobSpecInputFolderHierarchyForTenant(tenant, jobSpec, tenantHomeFolder, jobSpecFolderName);&#10;&#10;        verify(fileOperator, times(1)).mkdir(anyString());&#10;        verify(fileOperator, times(1)).releaseResource();&#10;    }" />
              <option name="myGeneratedDate" value="1700563942660" />
              <option name="myRequestId" value="d66f07" />
            </FeedbackDTO>
          </value>
        </entry>
        <entry key="HadesSftpUserServiceTest.java_testCreateJobSpecInputFolderHierarchyForTenantWhenRunCommandThrowsException">
          <value>
            <FeedbackDTO>
              <option name="myFileName" value="HadesSftpUserServiceTest.java" />
              <option name="myMethodName" value="testCreateJobSpecInputFolderHierarchyForTenantWhenRunCommandThrowsException" />
              <option name="myCode" value="@Test&#10;    public void testCreateJobSpecInputFolderHierarchyForTenantWhenRunCommandThrowsException() {&#10;        hadesSftpUserService.setIoEnabled(false);&#10;&#10;        doThrow(new RuntimeException()).when(hadesSftpUserService).runCommand(anyString());&#10;&#10;        try {&#10;            hadesSftpUserService.createJobSpecInputFolderHierarchyForTenant(tenant, jobSpec, tenantHomeFolder, jobSpecFolderName);&#10;        } catch (HadesException e) {&#10;            assertEquals(&quot;Failed to create tenant's user for hades sftp store&quot;, e.getMessage());&#10;        }&#10;    }" />
              <option name="myGeneratedDate" value="1700563942660" />
              <option name="myRequestId" value="d66f07" />
            </FeedbackDTO>
          </value>
        </entry>
        <entry key="LockerServiceTest.java_getAssetUploadEndpointWhenAssetUploadIsInvalidThenThrowException">
          <value>
            <FeedbackDTO>
              <option name="myFileName" value="LockerServiceTest.java" />
              <option name="myMethodName" value="getAssetUploadEndpointWhenAssetUploadIsInvalidThenThrowException" />
              <option name="myCode" value="@Test&#10;@DisplayName(&quot;Should throw an exception when the asset upload is invalid&quot;)&#10;void getAssetUploadEndpointWhenAssetUploadIsInvalidThenThrowException() {        AssetUpload assetUpload = new AssetUpload();&#10;        assetUpload.setFileName(null);&#10;        assetUpload.setFileSize(0);&#10;&#10;        assertThrows(InvalidAssetUploadException.class, () -&gt; {&#10;            lockerService.getAssetUploadEndpoint(assetUpload);&#10;        });&#10;    }" />
              <option name="myGeneratedDate" value="1691564433367" />
              <option name="myRequestId" value="78b5b5" />
            </FeedbackDTO>
          </value>
        </entry>
        <entry key="LockerServiceTest.java_getAssetUploadEndpointWhenAssetUploadIsValid">
          <value>
            <FeedbackDTO>
              <option name="myFileName" value="LockerServiceTest.java" />
              <option name="myMethodName" value="getAssetUploadEndpointWhenAssetUploadIsValid" />
              <option name="myCode" value="@Test&#10;@DisplayName(&quot;Should return the asset upload endpoint when the asset upload is valid&quot;)&#10;void getAssetUploadEndpointWhenAssetUploadIsValid() {        AssetUpload assetUpload = new AssetUpload();&#10;        assetUpload.setFileName(&quot;test.jpg&quot;);&#10;        assetUpload.setFileSize(1024);&#10;&#10;        AssetUploadEndpoint expectedEndpoint = new AssetUploadEndpoint.Builder()&#10;            .postAction(&quot;https://example.s3.amazonaws.com&quot;)&#10;            .acl(&quot;private&quot;)&#10;            .key(&quot;test.jpg&quot;)&#10;            .policy(&quot;eyJleHBpcmF0aW9uIjoiMjAyMS0wMS0wMVQwMDowMDowMFoiLCJjb25kaXRpb25zIjpbeyJhY2wiOiJwcml2YXRlIiwidmFsdWUiOiJwcml2YXRlIn1dfQ==&quot;)&#10;            .successActionStatus(&quot;201&quot;)&#10;            .xAmzAlgorithm(&quot;AWS4-HMAC-SHA256&quot;)&#10;            .xAmzCredential(&quot;AKIAEXAMPLE/20210101/ap-southeast-1/s3/aws4_request&quot;)&#10;            .xAmzDate(&quot;20210101T000000Z&quot;)&#10;            .xAmzSignature(&quot;exampleSignature&quot;)&#10;            .build();&#10;&#10;        when(lockerRetrofitClient.getAssetUploadEndpoint(assetUpload))&#10;            .thenReturn(CompletableFuture.completedFuture(expectedEndpoint));&#10;&#10;        CompletionStage&lt;AssetUploadEndpoint&gt; result = lockerService.getAssetUploadEndpoint(assetUpload);&#10;&#10;        assertNotNull(result);&#10;        assertTrue(result instanceof CompletableFuture);&#10;&#10;        CompletableFuture&lt;AssetUploadEndpoint&gt; futureResult = (CompletableFuture&lt;AssetUploadEndpoint&gt;) result;&#10;&#10;        futureResult.thenAccept(endpoint -&gt; {&#10;            assertEquals(expectedEndpoint.getPostAction(), endpoint.getPostAction());&#10;            assertEquals(expectedEndpoint.getAcl(), endpoint.getAcl());&#10;            assertEquals(expectedEndpoint.getKey(), endpoint.getKey());&#10;            assertEquals(expectedEndpoint.getPolicy(), endpoint.getPolicy());&#10;            assertEquals(expectedEndpoint.getSuccessActionStatus(), endpoint.getSuccessActionStatus());&#10;            assertEquals(expectedEndpoint.getxAmzAlgorithm(), endpoint.getxAmzAlgorithm());&#10;            assertEquals(expectedEndpoint.getxAmzCredential(), endpoint.getxAmzCredential());&#10;            assertEquals(expectedEndpoint.getxAmzDate(), endpoint.getxAmzDate());&#10;            assertEquals(expectedEndpoint.getxAmzSignature(), endpoint.getxAmzSignature());&#10;        });&#10;&#10;        verify(lockerRetrofitClient, times(1)).getAssetUploadEndpoint(assetUpload);&#10;    }" />
              <option name="myGeneratedDate" value="1691564433367" />
              <option name="myRequestId" value="78b5b5" />
            </FeedbackDTO>
          </value>
        </entry>
        <entry key="LockerServiceTest.java_testGetAssetUploadEndpointWhenCalledThenCallsCorrectMethodOnLockerRetrofitClient">
          <value>
            <FeedbackDTO>
              <option name="myFileName" value="LockerServiceTest.java" />
              <option name="myMethodName" value="testGetAssetUploadEndpointWhenCalledThenCallsCorrectMethodOnLockerRetrofitClient" />
              <option name="myCode" value="@Test&#10;    public void testGetAssetUploadEndpointWhenCalledThenCallsCorrectMethodOnLockerRetrofitClient() {&#10;        // Arrange&#10;        AssetUpload assetUpload = new AssetUpload();&#10;        Call&lt;AssetUploadEndpoint&gt; callMock = mock(Call.class);&#10;        when(lockerRetrofitClient.getAssetUploadEndpoint(&#10;                assetUpload.getMaxUploadSize(),&#10;                assetUpload.getSetContentDisposition(),&#10;                assetUpload.getContentType(),&#10;                assetUpload.getFileExtension())).thenReturn(callMock);&#10;&#10;        // Act&#10;        lockerService.getAssetUploadEndpoint(assetUpload);&#10;&#10;        // Assert&#10;        verify(lockerRetrofitClient, times(1)).getAssetUploadEndpoint(&#10;                assetUpload.getMaxUploadSize(),&#10;                assetUpload.getSetContentDisposition(),&#10;                assetUpload.getContentType(),&#10;                assetUpload.getFileExtension());&#10;    }" />
              <option name="myGeneratedDate" value="1695363390302" />
              <option name="myRequestId" value="913339" />
            </FeedbackDTO>
          </value>
        </entry>
        <entry key="LockerServiceTest.java_testGetAssetUploadEndpointWhenCalledThenLockerRetrofitClientCalledWithCorrectParameters">
          <value>
            <FeedbackDTO>
              <option name="myFileName" value="LockerServiceTest.java" />
              <option name="myMethodName" value="testGetAssetUploadEndpointWhenCalledThenLockerRetrofitClientCalledWithCorrectParameters" />
              <option name="myCode" value="@Test&#10;    public void testGetAssetUploadEndpointWhenCalledThenLockerRetrofitClientCalledWithCorrectParameters() {&#10;        // Arrange&#10;        AssetUpload assetUpload = new AssetUpload();&#10;        Call&lt;AssetUploadEndpoint&gt; callMock = mock(Call.class);&#10;        when(lockerRetrofitClient.getAssetUploadEndpoint(&#10;                assetUpload.getMaxUploadSize(),&#10;                assetUpload.getSetContentDisposition(),&#10;                assetUpload.getContentType(),&#10;                assetUpload.getFileExtension())).thenReturn(callMock);&#10;&#10;        // Act&#10;        lockerService.getAssetUploadEndpoint(assetUpload);&#10;&#10;        // Assert&#10;        verify(lockerRetrofitClient, times(1)).getAssetUploadEndpoint(&#10;                assetUpload.getMaxUploadSize(),&#10;                assetUpload.getSetContentDisposition(),&#10;                assetUpload.getContentType(),&#10;                assetUpload.getFileExtension());&#10;    }" />
              <option name="myGeneratedDate" value="1695363390276" />
              <option name="myRequestId" value="913339" />
            </FeedbackDTO>
          </value>
        </entry>
        <entry key="LockerServiceTest.java_testGetAssetUploadEndpointWhenExceptionThrownThenHandlesExceptionCorrectly">
          <value>
            <FeedbackDTO>
              <option name="myFileName" value="LockerServiceTest.java" />
              <option name="myMethodName" value="testGetAssetUploadEndpointWhenExceptionThrownThenHandlesExceptionCorrectly" />
              <option name="myCode" value="@Test&#10;    public void testGetAssetUploadEndpointWhenExceptionThrownThenHandlesExceptionCorrectly() {&#10;        // Arrange&#10;        AssetUpload assetUpload = new AssetUpload();&#10;        Call&lt;AssetUploadEndpoint&gt; callMock = mock(Call.class);&#10;        when(lockerRetrofitClient.getAssetUploadEndpoint(&#10;                assetUpload.getMaxUploadSize(),&#10;                assetUpload.getSetContentDisposition(),&#10;                assetUpload.getContentType(),&#10;                assetUpload.getFileExtension())).thenThrow(new RuntimeException());&#10;&#10;        // Act &amp; Assert&#10;        assertThrows(CompletionException.class, () -&gt; lockerService.getAssetUploadEndpoint(assetUpload).toCompletableFuture().join());&#10;    }" />
              <option name="myGeneratedDate" value="1695363390302" />
              <option name="myRequestId" value="913339" />
            </FeedbackDTO>
          </value>
        </entry>
        <entry key="LockerServiceTest.java_testGetAssetUploadEndpointWhenLockerRetrofitClientThrowsExceptionThenExceptionHandled">
          <value>
            <FeedbackDTO>
              <option name="myFileName" value="LockerServiceTest.java" />
              <option name="myMethodName" value="testGetAssetUploadEndpointWhenLockerRetrofitClientThrowsExceptionThenExceptionHandled" />
              <option name="myCode" value="@Test&#10;    public void testGetAssetUploadEndpointWhenLockerRetrofitClientThrowsExceptionThenExceptionHandled() {&#10;        // Arrange&#10;        AssetUpload assetUpload = new AssetUpload();&#10;        Call&lt;AssetUploadEndpoint&gt; callMock = mock(Call.class);&#10;        when(lockerRetrofitClient.getAssetUploadEndpoint(&#10;                assetUpload.getMaxUploadSize(),&#10;                assetUpload.getSetContentDisposition(),&#10;                assetUpload.getContentType(),&#10;                assetUpload.getFileExtension())).thenThrow(new RuntimeException());&#10;&#10;        // Act &amp; Assert&#10;        assertThrows(CompletionException.class, () -&gt; lockerService.getAssetUploadEndpoint(assetUpload).toCompletableFuture().join());&#10;    }" />
              <option name="myGeneratedDate" value="1695363390302" />
              <option name="myRequestId" value="913339" />
            </FeedbackDTO>
          </value>
        </entry>
        <entry key="SNSManagerTest.java_setUp">
          <value>
            <FeedbackDTO>
              <option name="myFileName" value="SNSManagerTest.java" />
              <option name="myMethodName" value="setUp" />
              <option name="myCode" value="@BeforeEach&#10;    public void setUp() {&#10;        MockitoAnnotations.openMocks(this);&#10;        snsManager = new SNSManager(snsClient);&#10;    }" />
              <option name="myGeneratedDate" value="1694502206902" />
              <option name="myRequestId" value="475091" />
            </FeedbackDTO>
          </value>
        </entry>
        <entry key="SNSManagerTest.java_testCreateSubscriptionWhenCalledThenCallsSubscribeWithCorrectParameters">
          <value>
            <FeedbackDTO>
              <option name="myFileName" value="SNSManagerTest.java" />
              <option name="myMethodName" value="testCreateSubscriptionWhenCalledThenCallsSubscribeWithCorrectParameters" />
              <option name="myCode" value="@Test&#10;    public void testCreateSubscriptionWhenCalledThenCallsSubscribeWithCorrectParameters() {&#10;        // Arrange&#10;        String topicArn = &quot;arn:aws:sns:us-east-1:123456789012:MyTopic&quot;;&#10;        String protocol = &quot;https&quot;;&#10;        String endpoint = &quot;https://myendpoint.com&quot;;&#10;        when(snsClient.subscribe(any(SubscribeRequest.class))).thenReturn(SubscribeResponse.builder().build());&#10;&#10;        // Act&#10;        snsManager.createSubscription(topicArn, protocol, endpoint);&#10;&#10;        // Assert&#10;        verify(snsClient).subscribe(subscribeRequestCaptor.capture());&#10;        SubscribeRequest actualRequest = subscribeRequestCaptor.getValue();&#10;        assertEquals(topicArn, actualRequest.topicArn());&#10;        assertEquals(protocol, actualRequest.protocol());&#10;        assertEquals(endpoint, actualRequest.endpoint());&#10;    }" />
              <option name="myGeneratedDate" value="1694502206902" />
              <option name="myRequestId" value="475091" />
            </FeedbackDTO>
          </value>
        </entry>
        <entry key="SNSManagerTest.java_testCreateSubscriptionWhenCalledThenReturnsCorrectSubscriptionArn">
          <value>
            <FeedbackDTO>
              <option name="myFileName" value="SNSManagerTest.java" />
              <option name="myMethodName" value="testCreateSubscriptionWhenCalledThenReturnsCorrectSubscriptionArn" />
              <option name="myCode" value="@Test&#10;    public void testCreateSubscriptionWhenCalledThenReturnsCorrectSubscriptionArn() {&#10;        // Arrange&#10;        String expectedSubscriptionArn = &quot;arn:aws:sns:us-east-1:123456789012:MyTopic:6a5d1662-982c-4e66-8fbd-fbcb4e1a0c2d&quot;;&#10;        when(snsClient.subscribe(any(SubscribeRequest.class))).thenReturn(SubscribeResponse.builder().subscriptionArn(expectedSubscriptionArn).build());&#10;&#10;        // Act&#10;        String actualSubscriptionArn = snsManager.createSubscription(&quot;arn:aws:sns:us-east-1:123456789012:MyTopic&quot;, &quot;https&quot;, &quot;https://myendpoint.com&quot;);&#10;&#10;        // Assert&#10;        assertEquals(expectedSubscriptionArn, actualSubscriptionArn);&#10;    }" />
              <option name="myGeneratedDate" value="1694502206902" />
              <option name="myRequestId" value="475091" />
            </FeedbackDTO>
          </value>
        </entry>
        <entry key="SNSManagerTest.java_testCreateSubscriptionWhenInvalidProtocolThenThrowException">
          <value>
            <FeedbackDTO>
              <option name="myFileName" value="SNSManagerTest.java" />
              <option name="myMethodName" value="testCreateSubscriptionWhenInvalidProtocolThenThrowException" />
              <option name="myCode" value="@Test&#10;    public void testCreateSubscriptionWhenInvalidProtocolThenThrowException() {&#10;        // Arrange&#10;        when(snsClient.subscribe(any(SubscribeRequest.class))).thenThrow(IllegalArgumentException.class);&#10;&#10;        // Act &amp; Assert&#10;        assertThrows(IllegalArgumentException.class, () -&gt; snsManager.createSubscription(&quot;arn:aws:sns:us-east-1:123456789012:MyTopic&quot;, &quot;invalid_protocol&quot;, &quot;https://myendpoint.com&quot;));&#10;    }" />
              <option name="myGeneratedDate" value="1694502206902" />
              <option name="myRequestId" value="475091" />
            </FeedbackDTO>
          </value>
        </entry>
        <entry key="SNSManagerTest.java_testCreateSubscriptionWhenValidInputsThenReturnSubscriptionArn">
          <value>
            <FeedbackDTO>
              <option name="myFileName" value="SNSManagerTest.java" />
              <option name="myMethodName" value="testCreateSubscriptionWhenValidInputsThenReturnSubscriptionArn" />
              <option name="myCode" value="@Test&#10;    public void testCreateSubscriptionWhenValidInputsThenReturnSubscriptionArn() {&#10;        // Arrange&#10;        String expectedSubscriptionArn = &quot;arn:aws:sns:us-east-1:123456789012:MyTopic:6a5d1662-982c-4e66-8fbd-fbcb4e1a0c2d&quot;;&#10;        when(snsClient.subscribe(any(SubscribeRequest.class))).thenReturn(SubscribeResponse.builder().subscriptionArn(expectedSubscriptionArn).build());&#10;&#10;        // Act&#10;        String actualSubscriptionArn = snsManager.createSubscription(&quot;arn:aws:sns:us-east-1:123456789012:MyTopic&quot;, &quot;https&quot;, &quot;https://myendpoint.com&quot;);&#10;&#10;        // Assert&#10;        assertEquals(expectedSubscriptionArn, actualSubscriptionArn);&#10;    }" />
              <option name="myGeneratedDate" value="1694502206892" />
              <option name="myRequestId" value="475091" />
            </FeedbackDTO>
          </value>
        </entry>
        <entry key="SNSManagerTest.java_testCreateTopicWhenTopicNameIsEmptyThenThrowsException">
          <value>
            <FeedbackDTO>
              <option name="myFileName" value="SNSManagerTest.java" />
              <option name="myMethodName" value="testCreateTopicWhenTopicNameIsEmptyThenThrowsException" />
              <option name="myCode" value="@Test&#10;    public void testCreateTopicWhenTopicNameIsEmptyThenThrowsException() {&#10;        // Arrange&#10;        String topicName = &quot;&quot;;&#10;&#10;        // Act &amp; Assert&#10;        assertThrows(IllegalArgumentException.class, () -&gt; snsManager.createTopic(topicName));&#10;        verify(snsClient, never()).createTopic(any(CreateTopicRequest.class));&#10;    }" />
              <option name="myGeneratedDate" value="1694500548362" />
              <option name="myRequestId" value="ee1958" />
            </FeedbackDTO>
          </value>
        </entry>
        <entry key="SNSManagerTest.java_testCreateTopicWhenTopicNameIsNullThenThrowsException">
          <value>
            <FeedbackDTO>
              <option name="myFileName" value="SNSManagerTest.java" />
              <option name="myMethodName" value="testCreateTopicWhenTopicNameIsNullThenThrowsException" />
              <option name="myCode" value="@Test&#10;    public void testCreateTopicWhenTopicNameIsNullThenThrowsException() {&#10;        // Arrange&#10;        String topicName = null;&#10;&#10;        // Act &amp; Assert&#10;        assertThrows(IllegalArgumentException.class, () -&gt; snsManager.createTopic(topicName));&#10;        verify(snsClient, never()).createTopic(any(CreateTopicRequest.class));&#10;    }" />
              <option name="myGeneratedDate" value="1694500548362" />
              <option name="myRequestId" value="ee1958" />
            </FeedbackDTO>
          </value>
        </entry>
        <entry key="SNSManagerTest.java_testCreateTopicWhenTopicNameIsValidThenCallsCreateTopicWithCorrectRequest">
          <value>
            <FeedbackDTO>
              <option name="myFileName" value="SNSManagerTest.java" />
              <option name="myMethodName" value="testCreateTopicWhenTopicNameIsValidThenCallsCreateTopicWithCorrectRequest" />
              <option name="myCode" value="@Test&#10;    public void testCreateTopicWhenTopicNameIsValidThenCallsCreateTopicWithCorrectRequest() {&#10;        // Arrange&#10;        String topicName = &quot;testTopic&quot;;&#10;        CreateTopicResponse response = CreateTopicResponse.builder().topicArn(&quot;arn:aws:sns:us-east-1:123456789012:&quot;+topicName).build();&#10;        when(snsClient.createTopic(any(CreateTopicRequest.class))).thenReturn(response);&#10;&#10;        // Act&#10;        String result = snsManager.createTopic(topicName);&#10;&#10;        // Assert&#10;        verify(snsClient, times(1)).createTopic(any(CreateTopicRequest.class));&#10;        assertEquals(&quot;arn:aws:sns:us-east-1:123456789012:&quot;+topicName, result);&#10;    }" />
              <option name="myGeneratedDate" value="1694500466994" />
              <option name="myRequestId" value="ee1958" />
            </FeedbackDTO>
          </value>
        </entry>
        <entry key="SNSManagerTest.java_testCreateTopicWhenTopicNameIsValidThenReturnsTopicArn">
          <value>
            <FeedbackDTO>
              <option name="myFileName" value="SNSManagerTest.java" />
              <option name="myMethodName" value="testCreateTopicWhenTopicNameIsValidThenReturnsTopicArn" />
              <option name="myCode" value="@Test&#10;    public void testCreateTopicWhenTopicNameIsValidThenReturnsTopicArn() {&#10;        // Arrange&#10;        String topicName = &quot;testTopic&quot;;&#10;        CreateTopicResponse response = CreateTopicResponse.builder().topicArn(&quot;arn:aws:sns:us-east-1:123456789012:&quot;+topicName).build();&#10;        when(snsClient.createTopic(any(CreateTopicRequest.class))).thenReturn(response);&#10;&#10;        // Act&#10;        String result = snsManager.createTopic(topicName);&#10;&#10;        // Assert&#10;        verify(snsClient, times(1)).createTopic(any(CreateTopicRequest.class));&#10;        assertEquals(&quot;arn:aws:sns:us-east-1:123456789012:&quot;+topicName, result);&#10;    }" />
              <option name="myGeneratedDate" value="1694500548362" />
              <option name="myRequestId" value="ee1958" />
            </FeedbackDTO>
          </value>
        </entry>
        <entry key="SNSPublisherTest.java_setUp">
          <value>
            <FeedbackDTO>
              <option name="myFileName" value="SNSPublisherTest.java" />
              <option name="myMethodName" value="setUp" />
              <option name="myCode" value="@BeforeEach&#10;    public void setUp() {&#10;        MockitoAnnotations.initMocks(this);&#10;        snsPublisher = new SNSPublisher();&#10;    }" />
              <option name="myGeneratedDate" value="1693466277846" />
              <option name="myRequestId" value="1bee1c" />
            </FeedbackDTO>
          </value>
        </entry>
        <entry key="SNSPublisherTest.java_testGetTopicArnMappingWhenPropertyValueIsEmpty">
          <value>
            <FeedbackDTO>
              <option name="myFileName" value="SNSPublisherTest.java" />
              <option name="myMethodName" value="testGetTopicArnMappingWhenPropertyValueIsEmpty" />
              <option name="myCode" value="@Test&#10;    public void testGetTopicArnMappingWhenPropertyValueIsEmpty() {&#10;        when(propertyProvider.getValidatedProperty(&quot;topicArnMapping&quot;)).thenReturn(&quot;&quot;);&#10;&#10;        Map&lt;String, String&gt; result = snsPublisher.getTopicArnMapping();&#10;&#10;        assertTrue(result.isEmpty());&#10;    }" />
              <option name="myGeneratedDate" value="1693466277846" />
              <option name="myRequestId" value="1bee1c" />
            </FeedbackDTO>
          </value>
        </entry>
        <entry key="SNSPublisherTest.java_testGetTopicArnMappingWhenPropertyValueIsNull">
          <value>
            <FeedbackDTO>
              <option name="myFileName" value="SNSPublisherTest.java" />
              <option name="myMethodName" value="testGetTopicArnMappingWhenPropertyValueIsNull" />
              <option name="myCode" value="@Test&#10;    public void testGetTopicArnMappingWhenPropertyValueIsNull() {&#10;        when(propertyProvider.getValidatedProperty(&quot;topicArnMapping&quot;)).thenReturn(null);&#10;&#10;        Map&lt;String, String&gt; result = snsPublisher.getTopicArnMapping();&#10;&#10;        assertTrue(result.isEmpty());&#10;    }" />
              <option name="myGeneratedDate" value="1693466277846" />
              <option name="myRequestId" value="1bee1c" />
            </FeedbackDTO>
          </value>
        </entry>
        <entry key="SNSPublisherTest.java_testGetTopicArnMappingWhenPropertyValueIsValid">
          <value>
            <FeedbackDTO>
              <option name="myFileName" value="SNSPublisherTest.java" />
              <option name="myMethodName" value="testGetTopicArnMappingWhenPropertyValueIsValid" />
              <option name="myCode" value="@Test&#10;    public void testGetTopicArnMappingWhenPropertyValueIsValid() {&#10;        String testString = &quot;key1:value1;key2:value2;key3:value3&quot;;&#10;        when(propertyProvider.getValidatedProperty(&quot;topicArnMapping&quot;)).thenReturn(testString);&#10;&#10;        Map&lt;String, String&gt; result = snsPublisher.getTopicArnMapping();&#10;&#10;        assertEquals(3, result.size());&#10;        assertEquals(&quot;value1&quot;, result.get(&quot;key1&quot;));&#10;        assertEquals(&quot;value2&quot;, result.get(&quot;key2&quot;));&#10;        assertEquals(&quot;value3&quot;, result.get(&quot;key3&quot;));&#10;    }" />
              <option name="myGeneratedDate" value="1693466277846" />
              <option name="myRequestId" value="1bee1c" />
            </FeedbackDTO>
          </value>
        </entry>
        <entry key="SnsNotificationControllerTest.java_setUp">
          <value>
            <FeedbackDTO>
              <option name="myFileName" value="SnsNotificationControllerTest.java" />
              <option name="myMethodName" value="setUp" />
              <option name="myCode" value="@BeforeEach&#10;    public void setUp() {&#10;        gson = new Gson();&#10;        snsNotificationController = new SnsNotificationController(applicationService, gson);&#10;    }" />
              <option name="myGeneratedDate" value="1695122594587" />
              <option name="myRequestId" value="7f936e" />
            </FeedbackDTO>
          </value>
        </entry>
        <entry key="SnsNotificationControllerTest.java_testGreetingReturnsExpectedString">
          <value>
            <FeedbackDTO>
              <option name="myFileName" value="SnsNotificationControllerTest.java" />
              <option name="myMethodName" value="testGreetingReturnsExpectedString" />
              <option name="myCode" value="@Test&#10;    public void testGreetingReturnsExpectedString() throws Exception {&#10;        // Arrange&#10;        String expectedResponse = &quot;Test Endpoint!&quot;;&#10;&#10;        // Act and Assert&#10;        mockMvc.perform(get(&quot;/sns/receive/greeting&quot;))&#10;                .andExpect(status().isOk())&#10;                .andExpect(content().string(expectedResponse));&#10;    }" />
              <option name="myGeneratedDate" value="1695122594587" />
              <option name="myRequestId" value="7f936e" />
            </FeedbackDTO>
          </value>
        </entry>
        <entry key="SnsNotificationControllerTest.java_testHandleNotificationMessageWhenInvalidMessageThenRecordEventNotCalled">
          <value>
            <FeedbackDTO>
              <option name="myFileName" value="SnsNotificationControllerTest.java" />
              <option name="myMethodName" value="testHandleNotificationMessageWhenInvalidMessageThenRecordEventNotCalled" />
              <option name="myCode" value="@Test&#10;    public void testHandleNotificationMessageWhenInvalidMessageThenRecordEventNotCalled() {&#10;        // Arrange&#10;        SnsNotificationMessage notificationMessage = new SnsNotificationMessage();&#10;        notificationMessage.setMessage(&quot;Invalid message&quot;);&#10;&#10;        // Act&#10;        snsNotificationController.handleNotificationMessage(notificationMessage);&#10;&#10;        // Assert&#10;        verify(applicationService, never()).recordEvent(any(EventData.class));&#10;    }" />
              <option name="myGeneratedDate" value="1695122594587" />
              <option name="myRequestId" value="7f936e" />
            </FeedbackDTO>
          </value>
        </entry>
        <entry key="SnsNotificationControllerTest.java_testHandleNotificationMessageWhenValidMessageThenRecordEventCalled">
          <value>
            <FeedbackDTO>
              <option name="myFileName" value="SnsNotificationControllerTest.java" />
              <option name="myMethodName" value="testHandleNotificationMessageWhenValidMessageThenRecordEventCalled" />
              <option name="myCode" value="@Test&#10;    public void testHandleNotificationMessageWhenValidMessageThenRecordEventCalled() {&#10;        // Arrange&#10;        SnsNotificationMessage notificationMessage = new SnsNotificationMessage();&#10;        notificationMessage.setMessage(&quot;{\&quot;topic\&quot;:\&quot;test\&quot;,\&quot;name\&quot;:\&quot;test\&quot;,\&quot;eventID\&quot;:\&quot;1234\&quot;,\&quot;data\&quot;:\&quot;{\\\&quot;name\\\&quot;:\\\&quot;John\\\&quot;,\\\&quot;email\\\&quot;:\\\&quot;john@example.com\\\&quot;,\\\&quot;phone\\\&quot;:\\\&quot;1234567890\\\&quot;,\\\&quot;address\\\&quot;:\\\&quot;123 Street\\\&quot;}\&quot;}&quot;);&#10;        EventData expectedEventData = new EventData();&#10;        expectedEventData.setName(&quot;John&quot;);&#10;        expectedEventData.setEmail(&quot;john@example.com&quot;);&#10;        expectedEventData.setPhone(&quot;1234567890&quot;);&#10;        expectedEventData.setAddress(&quot;123 Street&quot;);&#10;&#10;        // Act&#10;        snsNotificationController.handleNotificationMessage(notificationMessage);&#10;&#10;        // Assert&#10;        verify(applicationService, times(1)).recordEvent(expectedEventData);&#10;    }" />
              <option name="myGeneratedDate" value="1695122594587" />
              <option name="myRequestId" value="7f936e" />
            </FeedbackDTO>
          </value>
        </entry>
      </map>
    </option>
  </component>
</application>