<application>
  <component name="FeatureSuggesterSettings">
    <option name="workingDays">
      <list>
        <option value="1657987353247" />
        <option value="1658062477311" />
        <option value="1658123199837" />
        <option value="1659757837533" />
        <option value="1660296330812" />
        <option value="1660357015769" />
        <option value="1660795134832" />
        <option value="1660983872854" />
        <option value="1661147079693" />
        <option value="1661423320098" />
        <option value="1661611422972" />
        <option value="1661748999452" />
        <option value="1661868367628" />
        <option value="1661932690780" />
        <option value="1662008575466" />
        <option value="1662125009502" />
        <option value="1662373984339" />
        <option value="1662439035179" />
        <option value="1662513788537" />
        <option value="1662614064925" />
      </list>
    </option>
  </component>
</application>