<application>
  <component name="FileTypeManager" version="18">
    <extensionMap>
      <mapping pattern=".env.*" type="Env File" />
      <mapping ext="env" type="Env File" />
      <mapping ext="plan" type="PLAIN_TEXT" />
      <mapping ext="plantuml" type="PlantUML file" />
      <removed_mapping ext="apk" approved="true" type="ARCHIVE" />
      <removed_mapping ext="env" approved="true" type=".env file" />
      <removed_mapping ext="ignore" approved="true" type="IgnoreLang file" />
      <removed_mapping ext="psd" approved="true" type="Image" />
      <removed_mapping ext="txt" approved="true" type="PLAIN_TEXT" />
      <removed_mapping pattern=".env" approved="true" type=".env file" />
      <removed_mapping pattern=".env.*" approved="true" type=".env file" />
    </extensionMap>
  </component>
</application>