<keymap version="1" name="macOS Fork (0523)" parent="Mac OS X 10.5+">
  <action id="$LRU">
    <keyboard-shortcut first-keystroke="ctrl meta open_bracket" />
  </action>
  <action id="Console.TableResult.EditValue">
    <keyboard-shortcut first-keystroke="f2" />
    <keyboard-shortcut first-keystroke="enter" />
  </action>
  <action id="DatabaseView.Tools" />
  <action id="Editor LRU">
    <keyboard-shortcut first-keystroke="ctrl meta open_bracket" />
  </action>
  <action id="HTTPClient.CopyResponseBody">
    <keyboard-shortcut first-keystroke="ctrl meta c" />
  </action>
  <action id="ProblemsView.QuickFixes" />
  <action id="SetShortcutAction" />
  <action id="ShowIntentionActions" />
  <action id="copilot.openCopilot">
    <keyboard-shortcut first-keystroke="alt enter" />
  </action>
</keymap>